collection_candidate_name,normalized_series_key,book_count,confidence,needs_review,rule_used_set,book_ids,book_titles
86-EIGHTY-SIX,86 eighty six,2,high,False,prefix_volume_marker,707 | 745,"86—EIGHTY-SIX, Vol. 6 | 86—EIGHTY-SIX, Vol. 7: Mist"
A Tale of the Secret Saint,a tale of the secret saint,3,high,False,prefix_volume_marker,382 | 208 | 105,A Tale of the Secret Saint Vol. 1 | A Tale of the Secret Saint Vol. 2 | A Tale of the Secret Saint Vol. 4
Absolute Duo,absolute duo,5,high,False,prefix_volume_marker,940 | 939 | 938 | 937 | 936,Absolute Duo vol.01 | Absolute Duo vol.02 | Absolute Duo vol.03 | Absolute Duo vol.04 | Absolute Duo vol.05
Air Awakens Series,air awakens series,4,high,False,parenthetical_series_book,148 | 147 | 150 | 149,Crystal Crowned (Air Awakens Series Book 5) | Earth's End (Air Awakens Series Book 3) | Fire Falling (Air Awakens Series Book 2) | Water's Wrath (Air Awakens Series Book 4)
Alderamin on the Sky,alderamin on the sky,5,high,True,prefix_volume_marker | roman_numeral_suffix,863 | 862 | 860 | 859 | 861,Alderamin on the Sky - Volume 04 | Alderamin on the Sky - Volume 05 | Alderamin on the Sky - Volume 7 | Alderamin on the Sky - Volume 8 | Alderamin on the Sky VI
Allison III,allison iii,2,medium,True,prefix_part_marker,612 | 611,Allison III (Part 1) - See the Lutoni by Train | Allison III (Part 2) - A Train Named Conspiracy
Altina the Sword Princess,altina the sword princess,14,high,False,prefix_volume_marker,207 | 800 | 390 | 275 | 228 | 171 | 799 | 751 | 752 | 754 | 793 | 753 | 684 | 660,Altina the Sword Princess - Volume 14 | Altina the Sword Princess: Volume 1 | Altina the Sword Princess: Volume 10 | Altina the Sword Princess: Volume 11 | Altina the Sword Princess: Volume 12 | Altina the Sword Princess: Volume 14 | Altina the Sword Princess: Volume 2 | Altina the Sword Princess: Volume 3 | Altina the Sword Princess: Volume 4 | Altina the Sword Princess: Volume 5 | Altina the Sword Princess: Volume 6 | Altina the Sword Princess: Volume 7 | Altina the Sword Princess: Volume 8 | Altina the Sword Princess: Volume 9
Apocalypse Bringer Mynoghra: World Conquest Starts with the Civilization of Ruin,apocalypse bringer mynoghra world conquest starts with the civilization of ruin,2,high,False,prefix_volume_marker,654 | 661,"Apocalypse Bringer Mynoghra: World Conquest Starts with the Civilization of Ruin, Volume 1 | Apocalypse Bringer Mynoghra: World Conquest Starts with the Civilization of Ruin, Volume 1"
Apocalypse Witch - To the Strongests of an Age of Plenty,apocalypse witch to the strongests of an age of plenty,3,high,False,prefix_volume_marker,375 | 374 | 376,Apocalypse Witch - To the Strongests of an Age of Plenty Vol 2 | Apocalypse Witch - To the Strongests of an Age of Plenty Vol 3 | Apocalypse Witch: To the Strongests of an Age of Plenty Vol 1
Arcane Ascension,arcane ascension,3,high,False,parenthetical_series_book,13 | 15 | 14,A Brief History of Chronomancy (Arcane Ascension Book 6) (Andrew Rowe) (Z-Library) | On the Shoulders of Titans (Arcane Ascension Book 2) (Andrew Rowe) (Z-Library) | The Torch that Ignites the Stars (Arcane Ascension Book 3) (Andrew Rowe) (Z-Library)
Ascendance of a,ascendance of a,29,high,False,prefix_book_marker,117 | 116 | 51 | 108 | 90 | 81 | 1080 | 1079 | 817 | 700 | 1078 | 1056 | 663 | 392 | 322 | 260 | 221 | 183 | 167 | 145 | 154 | 130 | 50 | 82 | 75 | 71 | 62 | 59 | 69,Ascendance of a Bookworm - Royal Academy Stories - First Year | Ascendance of a Bookworm Fanbook vol 2 Premium | Ascendance of a Bookworm Part 5 Avatar of a Goddess Volume 11 | Ascendance of a Bookworm Part 5 volume 1 『Premium Ver』 | Ascendance of a Bookworm Part 5 volume 2 『Premium Ver』 | Ascendance of a Bookworm Part 5 volume 4 | Ascendance of a Bookworm: Part 2 Volume 3 | Ascendance of a Bookworm: Part 2 Volume 4 | Ascendance of a Bookworm: Part 3 Adopted Daughter of an Archduke Volume 4 | Ascendance of a Bookworm: Part 3 Adopted Daughter of an Archduke Volume 5 | Ascendance of a Bookworm: Part 3 Volume 1 | Ascendance of a Bookworm: Part 3 Volume 2 | Ascendance of a Bookworm: Part 4 Founder of the Royal Academy’s So-Called Library Committee Volume 1 | Ascendance of a Bookworm: Part 4 Founder of the Royal Academy’s So-Called Library Committee Volume 2 | Ascendance of a Bookworm: Part 4 Founder of the Royal Academy’s So-Called Library Committee Volume 3 | Ascendance of a Bookworm: Part 4 Founder of the Royal Academy’s So-Called Library Committee Volume 4 | Ascendance of a Bookworm: Part 4 Founder of the Royal Academy’s So-Called Library Committee Volume 5 | Ascendance of a Bookworm: Part 4 Founder of the Royal Academy’s So-Called Library Committee Volume 6 | Ascendance of a Bookworm: Part 4 Founder of the Royal Academy’s So-Called Library Committee Volume 7 | Ascendance of a Bookworm: Part 4 Founder of the Royal Academy’s So-Called Library Committee Volume 8 | Ascendance of a Bookworm: Royal Academy Stories - First Year | Ascendance of a Bookworm_ Part 4 Founder of the Royal Academy’s So-Called Library Committee Volume 9 | Ascendance of a Bookworm_ Part 5 Avatar of a Goddess Volume 12 | Ascendance of a Bookworm_ Part 5 Avatar of a Goddess Volume 3 | Ascendance of a Bookworm_ Part 5 Avatar of a Goddess Volume 5 | Ascendance of a Bookworm_ Part 5 Avatar of a Goddess Volume 6 | Ascendance of a Bookworm_ Part 5 Avatar of a Goddess Volume 8 | Ascendance of a Bookworm_ Part 5 Avatar of a Goddess Volume 9 | Ascendance of a Bookworm_ Part 5 Volume 7
Banished from the Hero's,banished from the hero s,4,high,False,prefix_part_marker,354 | 353 | 352 | 329,"Banished from the Hero’s Party, I Decided to Live a Quiet Life in the Countryside, Vol. 1 | Banished from the Hero’s Party, I Decided to Live a Quiet Life in the Countryside, Vol. 2 | Banished from the Hero’s Party, I Decided to Live a Quiet Life in the Countryside, Vol. 3 | Banished from the Hero’s Party, I Decided to Live a Quiet Life in the Countryside, Vol. 4"
Berserk of Gluttony,berserk of gluttony,3,high,False,prefix_volume_marker,680 | 234 | 152,Berserk of Gluttony Vol. 3 | Berserk of Gluttony Vol. 5 | Berserk of Gluttony Vol. 7
Berserk of Gluttony (Light Novel) Vol.,berserk of gluttony light novel vol,3,medium,True,repeated_structured_prefix,921 | 920 | 350,Berserk of Gluttony (Light Novel) Vol. 1 | Berserk of Gluttony (Light Novel) Vol. 2 | Berserk of Gluttony (Light Novel) Vol. 4
Black Summoner,black summoner,5,high,False,prefix_volume_marker,648 | 647 | 646 | 645 | 644,Black Summoner: Volume 1 | Black Summoner: Volume 2 | Black Summoner: Volume 3 | Black Summoner: Volume 4 | Black Summoner: Volume 5
Book Girl and the Scribe Who Faced God,book girl and the scribe who faced god,2,high,False,prefix_part_marker,603 | 602,"Book Girl and the Scribe Who Faced God, Part 1 | Book Girl and the Scribe Who Faced God, Part 2"
Campfire Cooking in Another World with My Absurd Skill,campfire cooking in another world with my absurd skill,10,high,False,prefix_volume_marker,798 | 362 | 797 | 796 | 795 | 794 | 792 | 791 | 790 | 789,Campfire Cooking in Another World with My Absurd Skill: Volume 1 | Campfire Cooking in Another World with My Absurd Skill: Volume 10 | Campfire Cooking in Another World with My Absurd Skill: Volume 2 | Campfire Cooking in Another World with My Absurd Skill: Volume 3 | Campfire Cooking in Another World with My Absurd Skill: Volume 4 | Campfire Cooking in Another World with My Absurd Skill: Volume 5 | Campfire Cooking in Another World with My Absurd Skill: Volume 6 | Campfire Cooking in Another World with My Absurd Skill: Volume 7 | Campfire Cooking in Another World with My Absurd Skill: Volume 8 | Campfire Cooking in Another World with My Absurd Skill: Volume 9
Campione!,campione,21,high,False,prefix_volume_marker,601 | 592 | 591 | 590 | 589 | 588 | 587 | 586 | 585 | 584 | 583 | 600 | 582 | 581 | 599 | 598 | 597 | 596 | 595 | 594 | 593,Campione! - Volume 1 - Heretic God | Campione! - Volume 10 - War God of the Lance | Campione! - Volume 11 - The Second Tale | Campione! - Volume 12 - Transient Holy Night | Campione! - Volume 13 - Princess Goddess of the South Seas | Campione! - Volume 14 - The Eighth Godslayer | Campione! - Volume 15 - Son of the Goddess | Campione! - Volume 16 - The Stirring of Heroes | Campione! - Volume 17 - The Hero's Name | Campione! - Volume 18 - Unfinished Stories of the Devil Kings | Campione! - Volume 19 - War of the Devil Kings | Campione! - Volume 2 - Arrival of a Devil King | Campione! - Volume 20 - War of the Devil Kings 2 | Campione! - Volume 21 - The final battle | Campione! - Volume 3 - Tale of the Beginning | Campione! - Volume 4 - The Hero and The King | Campione! - Volume 5 - Miko of the Sword | Campione! - Volume 6 - Flying Phoenix of Divine Mountain | Campione! - Volume 7 - Great Sage Equaling Heaven | Campione! - Volume 8 - Trials of the Devil Kings | Campione! - Volume 9 - Return of the Goddess
Chrome Shelled Regios,chrome shelled regios,24,high,False,prefix_volume_marker,579 | 578 | 577 | 576 | 575 | 574 | 573 | 572 | 571 | 570 | 569 | 568 | 567 | 566 | 565 | 564 | 563 | 562 | 561 | 560 | 559 | 558 | 557 | 556,Chrome Shelled Regios - Volume 01 - Chrome Shelled Regios | Chrome Shelled Regios - Volume 02 - Silent Talk | Chrome Shelled Regios - Volume 03 - Sentimental Voice | Chrome Shelled Regios - Volume 04 - Confidential Call | Chrome Shelled Regios - Volume 05 - Emotional Howl | Chrome Shelled Regios - Volume 06 - Red Nocturne | Chrome Shelled Regios - Volume 07 - White Opera | Chrome Shelled Regios - Volume 08 - Mixing Note | Chrome Shelled Regios - Volume 09 - Blue Mazurka | Chrome Shelled Regios - Volume 10 - Complex Days | Chrome Shelled Regios - Volume 11 - Impact Girls | Chrome Shelled Regios - Volume 12 - Black Arabesque | Chrome Shelled Regios - Volume 13 - Grey Concerto | Chrome Shelled Regios - Volume 14 - Scarlet Oratorio | Chrome Shelled Regios - Volume 15 - Next Bloom | Chrome Shelled Regios - Volume 16 - Spring Burst | Chrome Shelled Regios - Volume 17 - Summer Night Rave | Chrome Shelled Regios - Volume 18 - Crying Autumn | Chrome Shelled Regios - Volume 19 - Initiation Log | Chrome Shelled Regios - Volume 20 - Desire Report | Chrome Shelled Regios - Volume 21 - Winter Fall (I) | Chrome Shelled Regios - Volume 22 - Winter Fall (II) | Chrome Shelled Regios - Volume 23 - Like a Storm | Chrome Shelled Regios - Volume 24 - Life is Goodbye
Cooking with Wild Game,cooking with wild game,14,high,False,prefix_volume_marker,349 | 338 | 342 | 341 | 337 | 336 | 348 | 347 | 346 | 345 | 344 | 340 | 343 | 339,Cooking with Wild Game: Volume 1 | Cooking with Wild Game: Volume 10 | Cooking with Wild Game: Volume 11 | Cooking with Wild Game: Volume 12 | Cooking with Wild Game: Volume 13 | Cooking with Wild Game: Volume 14 | Cooking with Wild Game: Volume 2 | Cooking with Wild Game: Volume 3 | Cooking with Wild Game: Volume 4 | Cooking with Wild Game: Volume 5 | Cooking with Wild Game: Volume 6 | Cooking with Wild Game: Volume 7 | Cooking with Wild Game: Volume 8 | Cooking with Wild Game: Volume 9
Cradle,cradle,11,high,False,parenthetical_series_book,1035 | 1029 | 1027 | 1033 | 1028 | 1034 | 1036 | 1031 | 1032 | 1037 | 1030,Blackflame (Cradle Book 3) | Bloodline (Cradle Book 9) | Dreadgod (Cradle Book 11) | Ghostwater (Cradle Book 5) | Reaper (Cradle Book 10) | Skysworn (Cradle Book 4) | Soulsmith (Cradle Book 2) | Uncrowned (Cradle Book 7) | Underlord (Cradle Book 6) | Unsouled (Cradle Book 1) | Wintersteel (Cradle Book 8)
Dahlia in Bloom Crafting a Fresh Start with Magical Tools,dahlia in bloom crafting a fresh start with magical tools,8,high,False,prefix_volume_marker,121 | 80 | 65 | 267 | 266 | 204 | 146 | 88,Dahlia in Bloom Crafting a Fresh Start with Magical Tools vol 5 Premium | Dahlia in Bloom Crafting a Fresh Start with Magical Tools vol 7 Premium | Dahlia in Bloom Crafting a Fresh Start with Magical Tools vol 8 Premium | Dahlia in Bloom: Crafting a Fresh Start with Magical Tools Volume 1 | Dahlia in Bloom: Crafting a Fresh Start with Magical Tools Volume 2 | Dahlia in Bloom: Crafting a Fresh Start with Magical Tools Volume 3 | Dahlia in Bloom: Crafting a Fresh Start with Magical Tools Volume 4 | Dahlia in Bloom_ Crafting a Fresh Start with Magical Tools Volume 6
Death March to the Parallel World Rhapsody,death march to the parallel world rhapsody,2,high,False,prefix_volume_marker,788 | 676,"Death March to the Parallel World Rhapsody, Vol. 13 | Death March to the Parallel World Rhapsody, Vol. 14"
"Demon Lord, Retry!",demon lord retry,8,high,False,prefix_volume_marker,131 | 807 | 806 | 805 | 804 | 803 | 802 | 283,"Demon Lord, Retry! - Volume 08 Premium | Demon Lord, Retry! Volume 1 | Demon Lord, Retry! Volume 2 | Demon Lord, Retry! Volume 3 | Demon Lord, Retry! Volume 4 | Demon Lord, Retry! Volume 5 | Demon Lord, Retry! Volume 6 | Demon Lord, Retry! Volume 7"
Der Werwolf: The Annals of Veight,der werwolf the annals of veight,11,high,False,prefix_volume_marker,699 | 690 | 689 | 698 | 697 | 695 | 696 | 694 | 693 | 692 | 691,Der Werwolf: The Annals of Veight Volume 1 | Der Werwolf: The Annals of Veight Volume 10 | Der Werwolf: The Annals of Veight Volume 11 | Der Werwolf: The Annals of Veight Volume 2 | Der Werwolf: The Annals of Veight Volume 3 | Der Werwolf: The Annals of Veight Volume 4 | Der Werwolf: The Annals of Veight Volume 5 | Der Werwolf: The Annals of Veight Volume 6 | Der Werwolf: The Annals of Veight Volume 7 | Der Werwolf: The Annals of Veight Volume 8 | Der Werwolf: The Annals of Veight Volume 9
Disciple of the Lich Or How I Was Cursed by the Gods and Dropped Into the Abyss!,disciple of the lich or how i was cursed by the gods and dropped into the abyss,3,high,False,prefix_volume_marker,125 | 251 | 196,Disciple of the Lich Or How I Was Cursed by the Gods and Dropped Into the Abyss! vol 4 | Disciple of the Lich: Or How I Was Cursed by the Gods and Dropped Into the Abyss! Vol. 2 | Disciple of the Lich: Or How I Was Cursed by the Gods and Dropped Into the Abyss! Vol. 3
Failure Frame - I Became the Strongest and Annihilated Everything With Low-Level Spells,failure frame i became the strongest and annihilated everything with low level spells,2,high,False,prefix_volume_marker,124 | 919,Failure Frame - I Became the Strongest and Annihilated Everything With Low-Level Spells volume 6 | Failure Frame: I Became the Strongest and Annihilated Everything With Low-Level Spells Vol. 1
Fantasy Inbound,fantasy inbound,4,high,False,prefix_volume_marker,157 | 223 | 158 | 156,Fantasy Inbound: Volume 1 | Fantasy Inbound: Volume 1 | Fantasy Inbound: Volume 2 | Fantasy Inbound: Volume 3
Full Clearing Another World under a Goddess with Zero Believers,full clearing another world under a goddess with zero believers,2,high,False,prefix_volume_marker,219 | 218,Full Clearing Another World under a Goddess with Zero Believers: Volume 1 | Full Clearing Another World under a Goddess with Zero Believers: Volume 2
Gekitotsu no Hexennacht,gekitotsu no hexennacht,3,high,False,prefix_volume_marker,554 | 553 | 552,Gekitotsu no Hexennacht vol.1 | Gekitotsu no Hexennacht vol.2 | Gekitotsu no Hexennacht vol.3
Goblin Slayer,goblin slayer,3,high,False,prefix_volume_marker,653 | 277 | 137,"Goblin Slayer, Vol. 12 | Goblin Slayer, Vol. 13 | Goblin Slayer, Vol. 14"
Hell Mode,hell mode,6,high,False,prefix_volume_marker,74 | 249 | 248 | 186 | 153 | 92,Hell Mode Volume 6 Premium | Hell Mode: Volume 1 | Hell Mode: Volume 2 | Hell Mode: Volume 3 | Hell Mode: Volume 4 | Hell Mode_ Volume 5 - Hamuo
Her Majesty's Swarm,her majesty s swarm,4,high,False,prefix_volume_marker,254 | 252 | 253 | 256,Her Majesty’s Swarm: Volume 1 | Her Majesty’s Swarm: Volume 2 | Her Majesty’s Swarm: Volume 3 | Her Majesty’s Swarm: Volume 4
How a Realist Hero Rebuilt the Kingdom,how a realist hero rebuilt the kingdom,13,high,False,prefix_volume_marker,855 | 846 | 845 | 844 | 818 | 854 | 853 | 852 | 851 | 850 | 849 | 848 | 847,How a Realist Hero Rebuilt the Kingdom: Volume 1 | How a Realist Hero Rebuilt the Kingdom: Volume 10 | How a Realist Hero Rebuilt the Kingdom: Volume 11 | How a Realist Hero Rebuilt the Kingdom: Volume 12 | How a Realist Hero Rebuilt the Kingdom: Volume 13 | How a Realist Hero Rebuilt the Kingdom: Volume 2 | How a Realist Hero Rebuilt the Kingdom: Volume 3 | How a Realist Hero Rebuilt the Kingdom: Volume 4 | How a Realist Hero Rebuilt the Kingdom: Volume 5 | How a Realist Hero Rebuilt the Kingdom: Volume 6 | How a Realist Hero Rebuilt the Kingdom: Volume 7 | How a Realist Hero Rebuilt the Kingdom: Volume 8 | How a Realist Hero Rebuilt the Kingdom: Volume 9
I Became the Strongest and Annihilated Everything With Low-Level Spells,i became the strongest and annihilated everything with low level spells,3,high,False,prefix_volume_marker,140 | 139 | 138,I Became the Strongest and Annihilated Everything With Low-Level Spells Vol. 3 | I Became the Strongest and Annihilated Everything With Low-Level Spells Vol. 4 | I Became the Strongest and Annihilated Everything With Low-Level Spells Vol. 5
"I Got A Cheat Ability In A Different World, And Become Extraordinary Even In The Real World",i got a cheat ability in a different world and become extraordinary even in the real world,5,high,False,prefix_volume_marker,359 | 358 | 357 | 356 | 355,"I Got A Cheat Ability In A Different World, And Become Extraordinary Even In The Real World vol 1 | I Got A Cheat Ability In A Different World, And Become Extraordinary Even In The Real World vol 2 | I Got A Cheat Ability In A Different World, And Become Extraordinary Even In The Real World vol 3 | I Got A Cheat Ability In A Different World, And Become Extraordinary Even In The Real World: Volume 4 | I Got A Cheat Ability In A Different World, And Become Extraordinary Even In The Real World: Volume 5"
"I Got A Cheat Ability In A Different World, And Become Extraordinary Even In The Real World (LN) volume",i got a cheat ability in a different world and become extraordinary even in the real world ln volume,2,medium,True,repeated_structured_prefix,361 | 360,"I Got A Cheat Ability In A Different World, And Become Extraordinary Even In The Real World (LN) volume 6 | I Got A Cheat Ability In A Different World, And Become Extraordinary Even In The Real World (LN) volume 7"
I Shall Survive Using Potions!,i shall survive using potions,7,high,False,prefix_volume_marker,843 | 842 | 841 | 840 | 839 | 838 | 649,I Shall Survive Using Potions! Volume 1 | I Shall Survive Using Potions! Volume 2 | I Shall Survive Using Potions! Volume 3 | I Shall Survive Using Potions! Volume 4 | I Shall Survive Using Potions! Volume 5 | I Shall Survive Using Potions! Volume 6 | I Shall Survive Using Potions! Volume 7
I've Been Killing Slimes for 300 Years and Maxed Out My Level,i ve been killing slimes for 300 years and maxed out my level,3,high,False,prefix_volume_marker,621 | 1008 | 918,"I’ve Been Killing Slimes for 300 Years and Maxed Out My Level, Vol. 10 | I’ve Been Killing Slimes for 300 Years and Maxed Out My Level, Vol. 8 | I’ve Been Killing Slimes for 300 Years and Maxed Out My Level, Vol.9"
In Another World With My Smartphone,in another world with my smartphone,21,high,False,prefix_volume_marker,905 | 904 | 903 | 902 | 893 | 892 | 891 | 890 | 889 | 888 | 887 | 901 | 886 | 885 | 900 | 899 | 898 | 897 | 896 | 895 | 894,In Another World With My Smartphone: Volume 1 | In Another World With My Smartphone: Volume 10 | In Another World With My Smartphone: Volume 11 | In Another World With My Smartphone: Volume 12 | In Another World With My Smartphone: Volume 13 | In Another World With My Smartphone: Volume 14 | In Another World With My Smartphone: Volume 15 | In Another World With My Smartphone: Volume 16 | In Another World With My Smartphone: Volume 17 | In Another World With My Smartphone: Volume 18 | In Another World With My Smartphone: Volume 19 | In Another World With My Smartphone: Volume 2 | In Another World With My Smartphone: Volume 20 | In Another World With My Smartphone: Volume 21 | In Another World With My Smartphone: Volume 3 | In Another World With My Smartphone: Volume 4 | In Another World With My Smartphone: Volume 5 | In Another World With My Smartphone: Volume 6 | In Another World With My Smartphone: Volume 7 | In Another World With My Smartphone: Volume 8 | In Another World With My Smartphone: Volume 9
In the Land of Leadale,in the land of leadale,4,high,False,prefix_volume_marker,265 | 264 | 263 | 262,"In the Land of Leadale, Vol. 1 | In the Land of Leadale, Vol. 2 | In the Land of Leadale, Vol. 3 | In the Land of Leadale, Vol. 4"
Is It Wrong to Try to Pick Up Girls in a Dungeon?,is it wrong to try to pick up girls in a dungeon,6,high,False,prefix_volume_marker,1057 | 1006 | 652 | 135 | 1060 | 1059,"Is It Wrong to Try to Pick Up Girls in a Dungeon?, Vol. 10 (light novel) (Is It Wrong to Try to Pick Up Girls in a Dungeon? (light novel)) | Is It Wrong to Try to Pick Up Girls in a Dungeon?, Vol. 15 (light novel) (Is It Wrong to Try to Pick Up Girls in a Dungeon? (light novel)) | Is It Wrong to Try to Pick Up Girls in a Dungeon?, Vol. 16 (light novel) | Is It Wrong to Try to Pick Up Girls in a Dungeon?, Vol. 17 | Is It Wrong to Try to Pick Up Girls in a Dungeon?, Vol. 5 (light novel) | Is It Wrong to Try to Pick Up Girls in a Dungeon?, Vol. 6 (light novel)"
Isekai Tensei - Recruited to Another World,isekai tensei recruited to another world,2,high,False,prefix_volume_marker,122 | 123,Isekai Tensei - Recruited to Another World vol 1 Premium | Isekai Tensei - Recruited to Another World vol 2 Premium
Isekai Tensei Soudouki,isekai tensei soudouki,14,high,False,prefix_volume_marker,787 | 786 | 785 | 784 | 783 | 782 | 781 | 780 | 779 | 778 | 777 | 776 | 775 | 774,Isekai Tensei Soudouki vol 1 | Isekai Tensei Soudouki vol 10 | Isekai Tensei Soudouki vol 11 | Isekai Tensei Soudouki vol 12 | Isekai Tensei Soudouki vol 13 | Isekai Tensei Soudouki vol 14 | Isekai Tensei Soudouki vol 2 | Isekai Tensei Soudouki vol 3 | Isekai Tensei Soudouki vol 4 | Isekai Tensei Soudouki vol 5 | Isekai Tensei Soudouki vol 6 | Isekai Tensei Soudouki vol 7 | Isekai Tensei Soudouki vol 8 | Isekai Tensei Soudouki vol 9
Kamisama no Memochou,kamisama no memochou,9,high,False,prefix_volume_marker,550 | 549 | 548 | 547 | 546 | 545 | 544 | 543 | 542,Kamisama no Memochou - Volume 01 | Kamisama no Memochou - Volume 02 | Kamisama no Memochou - Volume 03 | Kamisama no Memochou - Volume 04 | Kamisama no Memochou - Volume 05 | Kamisama no Memochou - Volume 06 | Kamisama no Memochou - Volume 07 | Kamisama no Memochou - Volume 08 | Kamisama no Memochou - Volume 09
Kieli,kieli,8,high,False,prefix_volume_marker,540 | 539 | 538 | 537 | 536 | 533 | 535 | 534,"Kieli, Vol. 2: White Wake on the Sand | Kieli, Vol. 3: Prisoners Bound for Another Planet | Kieli, Vol. 4: Long Night Beside a Deep Pool | Kieli, Vol. 5: The Sunlit Garden Where It Began, Part 1 | Kieli, Vol. 6: The Sunlit Garden Where It Began (Part 2) | Kieli, Vol. 7: As the Deep Ravine’s Wind Howls | Kieli, Vol. 8: The Dead Sleep Eternally in the Wilderness (Part 1) | Kieli, Vol. 9: The Dead Sleep Eternally in the Wilderness (Part 2)"
Kobold King,kobold king,2,high,False,prefix_volume_marker,868 | 867,Kobold King: Volume 1 | Kobold King: Volume 2
Leviathan of the Covenant,leviathan of the covenant,8,high,False,prefix_volume_marker,424 | 478 | 464 | 445 | 504 | 460 | 449 | 476,Leviathan of the Covenant - Volume 08 | Leviathan of the Covenant vol. 01 | Leviathan of the Covenant vol. 02 | Leviathan of the Covenant vol. 03 | Leviathan of the Covenant vol. 04 | Leviathan of the Covenant vol.05 | Leviathan of the Covenant vol.06 | Leviathan of the Covenant vol.07
Magic User: Reborn in Another World as a Max Level Wizard (Light Novel) Vol.,magic user reborn in another world as a max level wizard light novel vol,2,medium,True,repeated_structured_prefix,741 | 740,Magic User: Reborn in Another World as a Max Level Wizard (Light Novel) Vol. 1 | Magic User: Reborn in Another World as a Max Level Wizard (Light Novel) Vol. 2
Magika No Kenshi To Shoukan Maou,magika no kenshi to shoukan maou,28,high,False,prefix_volume_marker,303 | 492 | 311 | 444 | 310 | 411 | 309 | 438 | 308 | 442 | 307 | 450 | 306 | 423 | 305 | 446 | 304 | 412 | 302 | 480 | 301 | 474 | 300 | 493 | 299 | 498 | 298 | 428,Magika No Kenshi To Shoukan Maou vol. 09 | Magika No Kenshi To Shoukan Maou vol. 09 | Magika No Kenshi To Shoukan Maou vol.01 | Magika No Kenshi To Shoukan Maou vol.01 | Magika No Kenshi To Shoukan Maou vol.02 | Magika No Kenshi To Shoukan Maou vol.02 | Magika No Kenshi To Shoukan Maou vol.03 | Magika No Kenshi To Shoukan Maou vol.03 | Magika No Kenshi To Shoukan Maou vol.04 | Magika No Kenshi To Shoukan Maou vol.04 | Magika No Kenshi To Shoukan Maou vol.05 | Magika No Kenshi To Shoukan Maou vol.05 | Magika No Kenshi To Shoukan Maou vol.06 | Magika No Kenshi To Shoukan Maou vol.06 | Magika No Kenshi To Shoukan Maou vol.07 | Magika No Kenshi To Shoukan Maou vol.07 | Magika No Kenshi To Shoukan Maou vol.08 | Magika No Kenshi To Shoukan Maou vol.08 | Magika No Kenshi To Shoukan Maou vol.10 | Magika No Kenshi To Shoukan Maou vol.10 | Magika No Kenshi To Shoukan Maou vol.11 | Magika No Kenshi To Shoukan Maou vol.11 | Magika No Kenshi To Shoukan Maou vol.12 | Magika No Kenshi To Shoukan Maou vol.12 | Magika No Kenshi To Shoukan Maou vol.13 | Magika No Kenshi To Shoukan Maou vol.13 | Magika No Kenshi To Shoukan Maou vol.14 | Magika No Kenshi To Shoukan Maou vol.14
Maou Gakuen no Hangyakusha,maou gakuen no hangyakusha,4,high,False,prefix_volume_marker,642 | 641 | 643 | 640,Maou Gakuen no Hangyakusha vol 1 | Maou Gakuen no Hangyakusha vol 2 | Maou Gakuen no Hangyakusha: Volume 03 | Maou Gakuen no Hangyakusha: Volume 04
Mapping: The Trash-Tier Skill That Got Me Into a Top-Tier,mapping the trash tier skill that got me into a top tier,8,high,False,prefix_part_marker,951 | 950 | 949 | 801 | 677 | 629 | 323 | 250,Mapping: The Trash-Tier Skill That Got Me Into a Top-Tier Party: Volume 1 | Mapping: The Trash-Tier Skill That Got Me Into a Top-Tier Party: Volume 2 | Mapping: The Trash-Tier Skill That Got Me Into a Top-Tier Party: Volume 3 | Mapping: The Trash-Tier Skill That Got Me Into a Top-Tier Party: Volume 4 | Mapping: The Trash-Tier Skill That Got Me Into a Top-Tier Party: Volume 5 | Mapping: The Trash-Tier Skill That Got Me Into a Top-Tier Party: Volume 6 | Mapping: The Trash-Tier Skill That Got Me Into a Top-Tier Party: Volume 7 | Mapping: The Trash-Tier Skill That Got Me Into a Top-Tier Party: Volume 8
Maseki Gurume (LN) volume,maseki gurume ln volume,2,medium,True,repeated_structured_prefix,679 | 678,Maseki Gurume (LN) volume 1 | Maseki Gurume (LN) volume 2
Min-Maxing My TRPG Build in Another World,min maxing my trpg build in another world,5,high,False,prefix_volume_marker,280 | 279 | 191 | 161 | 127,Min-Maxing My TRPG Build in Another World: Volume 1 | Min-Maxing My TRPG Build in Another World: Volume 2 | Min-Maxing My TRPG Build in Another World: Volume 3 | Min-Maxing My TRPG Build in Another World: Volume 4 Canto I | Min-Maxing My TRPG Build in Another World_ Volume 4 Canto II
Mitou Shoukan Blood-Sign,mitou shoukan blood sign,10,high,False,prefix_volume_marker,527 | 484 | 517 | 516 | 514 | 515 | 528 | 523 | 509 | 522,Mitou Shoukan Blood-Sign - Volume 09 | Mitou Shoukan Blood-Sign - Volume 10 | Mitou Shoukan://Blood-Sign - Volume 01 | Mitou Shoukan://Blood-Sign - Volume 02 | Mitou Shoukan://Blood-Sign - Volume 03 | Mitou Shoukan://Blood-Sign - Volume 04 | Mitou Shoukan://Blood-Sign - Volume 05 | Mitou Shoukan://Blood-Sign - Volume 06 | Mitou Shoukan://Blood-Sign — Volume 07 | Mitou Shoukan://Blood-Sign — Volume 08
Monster Tamer,monster tamer,7,high,False,prefix_volume_marker,815 | 136 | 814 | 813 | 682 | 650 | 335,Monster Tamer: Volume 1 | Monster Tamer: Volume 10 | Monster Tamer: Volume 2 | Monster Tamer: Volume 3 | Monster Tamer: Volume 4 | Monster Tamer: Volume 5 | Monster Tamer: Volume 6
Mushoku Tensei: Jobless Reincarnation,mushoku tensei jobless reincarnation,11,high,False,prefix_volume_marker,808 | 701 | 656 | 373 | 281 | 220 | 182 | 164 | 159 | 957 | 133,Mushoku Tensei: Jobless Reincarnation Vol. 10 | Mushoku Tensei: Jobless Reincarnation Vol. 11 | Mushoku Tensei: Jobless Reincarnation Vol. 12 | Mushoku Tensei: Jobless Reincarnation Vol. 13 | Mushoku Tensei: Jobless Reincarnation Vol. 14 | Mushoku Tensei: Jobless Reincarnation Vol. 15 | Mushoku Tensei: Jobless Reincarnation Vol. 16 | Mushoku Tensei: Jobless Reincarnation Vol. 17 | Mushoku Tensei: Jobless Reincarnation Vol. 18 | Mushoku Tensei: Jobless Reincarnation Vol. 9 | Mushoku Tensei_ Jobless Reincarnation Vol. 19
My Happy Marriage,my happy marriage,3,high,False,prefix_volume_marker,163 | 240 | 160,"My Happy Marriage, Vol. 1 | My Happy Marriage, Vol. 1 | My Happy Marriage, Vol. 2"
"My Instant Death Ability is So Overpowered, No One in This Other World Stands a Chance Against Me!",my instant death ability is so overpowered no one in this other world stands a chance against me,7,high,False,prefix_volume_marker,639 | 638 | 637 | 636 | 635 | 634 | 316,"My Instant Death Ability is So Overpowered, No One in This Other World Stands a Chance Against Me! Volume 1 | My Instant Death Ability is So Overpowered, No One in This Other World Stands a Chance Against Me! Volume 2 | My Instant Death Ability is So Overpowered, No One in This Other World Stands a Chance Against Me! Volume 3 | My Instant Death Ability is So Overpowered, No One in This Other World Stands a Chance Against Me! Volume 4 | My Instant Death Ability Is So Overpowered, No One in This Other World Stands a Chance Against Me! Volume 5 | My Instant Death Ability Is So Overpowered, No One in This Other World Stands a Chance Against Me! Volume 6 | My Instant Death Ability Is So Overpowered, No One in This Other World Stands a Chance Against Me! Volume 7"
My Magical Career at Court Living the Dream After My Nightmare Boss Fired Me from the Mages' Guild!,my magical career at court living the dream after my nightmare boss fired me from the mages guild,2,high,False,prefix_volume_marker,67 | 68,My Magical Career at Court_ Living the Dream After My Nightmare Boss Fired Me from the Mages’ Guild! Volume 1 | My Magical Career at Court_ Living the Dream After My Nightmare Boss Fired Me from the Mages’ Guild! Volume 2
My Quiet Blacksmith Life in Another World,my quiet blacksmith life in another world,3,high,False,prefix_volume_marker,216 | 172 | 155,My Quiet Blacksmith Life in Another World: Volume 1 | My Quiet Blacksmith Life in Another World: Volume 2 | My Quiet Blacksmith Life in Another World: Volume 3
My Status as an Assassin Obviously Exceeds the Hero's,my status as an assassin obviously exceeds the hero s,2,high,False,prefix_volume_marker,328 | 327,My Status as an Assassin Obviously Exceeds the Hero’s Vol. 1 | My Status as an Assassin Obviously Exceeds the Hero’s Vol. 2
Our Last Crusade or the Rise of a New World,our last crusade or the rise of a new world,6,high,False,prefix_volume_marker,738 | 737 | 736 | 735 | 734 | 733,"Our Last Crusade or the Rise of a New World, Vol. 1 | Our Last Crusade or the Rise of a New World, Vol. 2 | Our Last Crusade or the Rise of a New World, Vol. 3 (light novel) | Our Last Crusade or the Rise of a New World, Vol. 4 (light novel) (The War Ends the World / Raises the World (light novel)) | Our Last Crusade or the Rise of a New World, Vol. 5 (light novel) (The War Ends the World / Raises the World (light novel)) | Our Last Crusade or the Rise of a New World, Vol. 6 (light novel)"
Outbreak Company,outbreak company,17,high,False,prefix_volume_marker,837 | 977 | 828 | 827 | 826 | 825 | 824 | 823 | 822 | 836 | 835 | 834 | 833 | 832 | 831 | 830 | 829,Outbreak Company: Volume 1 | Outbreak Company: Volume 1 | Outbreak Company: Volume 10 | Outbreak Company: Volume 11 | Outbreak Company: Volume 12 | Outbreak Company: Volume 13 | Outbreak Company: Volume 14 | Outbreak Company: Volume 15 | Outbreak Company: Volume 16 | Outbreak Company: Volume 2 | Outbreak Company: Volume 3 | Outbreak Company: Volume 4 | Outbreak Company: Volume 5 | Outbreak Company: Volume 6 | Outbreak Company: Volume 7 | Outbreak Company: Volume 8 | Outbreak Company: Volume 9
Overlord,overlord,3,high,False,prefix_volume_marker,85 | 165 | 681,"Overlord - Volume 15 - The Half-Elf Demigod | Overlord, Vol. 14: The Witch of the Doomed Kingdom | Overlord, Vol. 14: The Witch of the Ruined Country"
Private Tutor to the Duke's Daughter,private tutor to the duke s daughter,8,high,False,prefix_volume_marker,1 | 269 | 170 | 143 | 61 | 126 | 77 | 72,Private Tutor to the Duke’s Daughter Volume 19 | Private Tutor to the Duke’s Daughter: Volume 1 | Private Tutor to the Duke’s Daughter: Volume 3 | Private Tutor to the Duke’s Daughter: Volume 4 | Private Tutor to the Duke’s Daughter_ Volume 11 | Private Tutor to the Duke’s Daughter_ Volume 5 | Private Tutor to the Duke’s Daughter_ Volume 8 | Private Tutor to the Duke’s Daughter_ Volume 9
Rakuin no Monshou,rakuin no monshou,12,high,False,prefix_volume_marker,494 | 440 | 447 | 511 | 462 | 471 | 470 | 437 | 472 | 501 | 491 | 520,"Rakuin no Monshou - Volume 01 - The Dragon Roars at the Star of Twilight | Rakuin no Monshou - Volume 02 - The Dragon Advances on the Capital of Intrigue | Rakuin no Monshou - Volume 03 - The Sky Darkens under the Dragon’s Wings | Rakuin no Monshou - Volume 04 - Dragon, Bare you Claws of Vengeance! | Rakuin no Monshou - Volume 05 - And Thus the Dragon Alights in the Wilderness | Rakuin no Monshou - Volume 06 - The Dragon Awakens at the Ancient Shrine | Rakuin no Monshou - Volume 07 - A Funeral March of Fools, Alerting the Dragon | Rakuin no Monshou - Volume 08 - The Dragon Ate a Lion and was Reborn | Rakuin no Monshou - Volume 09 - The Dragon’s Laments Tear through the Battlefield | Rakuin no Monshou - Volume 10 - The Wind Laments That the Dragon Lies Low | Rakuin no Monshou - Volume 11 - The Dragon Soars into the Sky at Dawn (First Part) | Rakuin no Monshou - Volume 12 - The Dragon Soars into the Sky at Dawn (Final Part)"
Reign of the Seven Spellblades,reign of the seven spellblades,7,high,False,prefix_volume_marker,101 | 103 | 102 | 706 | 705 | 651 | 272,"Reign of the Seven Spellblades volume 5 | Reign of the Seven Spellblades volume 6 | Reign of the Seven Spellblades volume 7 | Reign of the Seven Spellblades, Vol. 1 | Reign of the Seven Spellblades, Vol. 2 | Reign of the Seven Spellblades, Vol. 3 | Reign of the Seven Spellblades, Vol. 4"
Reincarnated as a Dragon Hatchling,reincarnated as a dragon hatchling,4,high,False,prefix_volume_marker,318 | 317 | 185 | 166,Reincarnated as a Dragon Hatchling Vol. 1 | Reincarnated as a Dragon Hatchling Vol. 2 | Reincarnated as a Dragon Hatchling Vol. 3 | Reincarnated as a Dragon Hatchling Vol. 4
Reincarnated as a Sword,reincarnated as a sword,2,high,False,prefix_volume_marker,365 | 364,Reincarnated as a Sword Vol. 7 | Reincarnated as a Sword Vol. 8
Reincarnated as a Sword (Light Novel) Vol.,reincarnated as a sword light novel vol,7,medium,True,repeated_structured_prefix,371 | 370 | 369 | 368 | 367 | 366 | 363,Reincarnated as a Sword (Light Novel) Vol. 1 | Reincarnated as a Sword (Light Novel) Vol. 2 | Reincarnated as a Sword (Light Novel) Vol. 3 | Reincarnated as a Sword (Light Novel) Vol. 4 | Reincarnated as a Sword (Light Novel) Vol. 5 | Reincarnated as a Sword (Light Novel) Vol. 6 | Reincarnated as a Sword (Light Novel) Vol. 9
Reincarnated as the Last of My Kind,reincarnated as the last of my kind,4,high,False,prefix_volume_marker,110 | 111 | 113 | 114,Reincarnated as the Last of My Kind Volume 1 | Reincarnated as the Last of My Kind Volume 2 | Reincarnated as the Last of my Kind Volume 3 | Reincarnated as the Last of my Kind Volume 4
Reincarnated as the Piggy Duke: This Time I'm Gonna Tell Her How I Feel!,reincarnated as the piggy duke this time i m gonna tell her how i feel,6,high,False,prefix_volume_marker,315 | 314 | 313 | 243 | 206 | 174,Reincarnated as the Piggy Duke: This Time I'm Gonna Tell Her How I Feel! Volume 1 | Reincarnated as the Piggy Duke: This Time I’m Gonna Tell Her How I Feel! Volume 2 | Reincarnated as the Piggy Duke: This Time I’m Gonna Tell Her How I Feel! Volume 3 | Reincarnated as the Piggy Duke: This Time I’m Gonna Tell Her How I Feel! Volume 4 | Reincarnated as the Piggy Duke: This Time I’m Gonna Tell Her How I Feel! Volume 5 | Reincarnated as the Piggy Duke: This Time I’m Gonna Tell Her How I Feel! Volume 6
ROLL OVER AND DIE: I Will Fight for an Ordinary Life with My Love and Cursed Sword!,roll over and die i will fight for an ordinary life with my love and cursed sword,3,high,False,prefix_volume_marker,955 | 675 | 674,ROLL OVER AND DIE: I Will Fight for an Ordinary Life with My Love and Cursed Sword! Vol. 2 | ROLL OVER AND DIE: I Will Fight for an Ordinary Life with My Love and Cursed Sword! Vol. 3 | ROLL OVER AND DIE: I Will Fight for an Ordinary Life with My Love and Cursed Sword! Vol. 4
Secrets of the Silent Witch,secrets of the silent witch,7,high,False,prefix_volume_marker,84 | 141 | 120 | 76 | 24 | 22 | 3,"Secrets of the Silent Witch vol 3 | Secrets of the Silent Witch, Vol. 1 | Secrets of the Silent Witch, Vol. 2 | Secrets of the Silent Witch, Vol. 4 | Secrets of the Silent Witch, Vol. 5 | Secrets of the Silent Witch, Vol. 6 | Secrets of the Silent Witch, Vol. 7"
Seirei Gensouki: Spirit Chronicles,seirei gensouki spirit chronicles,19,high,False,prefix_volume_marker,769 | 768 | 767 | 766 | 765 | 688 | 662 | 372 | 261 | 209 | 764 | 763 | 762 | 761 | 760 | 759 | 758 | 757 | 132,Seirei Gensouki: Spirit Chronicles Volume 1 | Seirei Gensouki: Spirit Chronicles Volume 10 | Seirei Gensouki: Spirit Chronicles Volume 11 | Seirei Gensouki: Spirit Chronicles Volume 12 | Seirei Gensouki: Spirit Chronicles Volume 13 | Seirei Gensouki: Spirit Chronicles Volume 14 | Seirei Gensouki: Spirit Chronicles Volume 15 | Seirei Gensouki: Spirit Chronicles Volume 16 | Seirei Gensouki: Spirit Chronicles Volume 17 | Seirei Gensouki: Spirit Chronicles Volume 18 | Seirei Gensouki: Spirit Chronicles Volume 2 | Seirei Gensouki: Spirit Chronicles Volume 3 | Seirei Gensouki: Spirit Chronicles Volume 4 | Seirei Gensouki: Spirit Chronicles Volume 5 | Seirei Gensouki: Spirit Chronicles Volume 6 | Seirei Gensouki: Spirit Chronicles Volume 7 | Seirei Gensouki: Spirit Chronicles Volume 8 | Seirei Gensouki: Spirit Chronicles Volume 9 | Seirei Gensouki_ Spirit Chronicles Volume 20
Seirei Tsukai no Blade Dance,seirei tsukai no blade dance,20,high,False,prefix_volume_marker,487 | 499 | 507 | 448 | 453 | 404 | 443 | 409 | 420 | 427 | 422 | 406 | 433 | 482 | 429 | 452 | 475 | 479 | 505 | 485,"Seirei Tsukai no Blade Dance - Volume 01 - The Sword, The Academy and The Hell Cat Girl | Seirei Tsukai no Blade Dance - Volume 02 - The Lost Queen | Seirei Tsukai no Blade Dance - Volume 03 - Pledge of the Wind | Seirei Tsukai no Blade Dance - Volume 04 - The Blade Dance | Seirei Tsukai no Blade Dance - Volume 05 - Demon Slayer | Seirei Tsukai no Blade Dance - Volume 06 - The Reminisced Darkness Spirit | Seirei Tsukai no Blade Dance - Volume 07 - The Strongest Blade Dancer | Seirei Tsukai no Blade Dance - Volume 08 - The Night Before the Finale | Seirei Tsukai no Blade Dance - Volume 09 - Cross Fire | Seirei Tsukai no Blade Dance - Volume 10 - The Awakening of the Demon King | Seirei Tsukai no Blade Dance - Volume 11 - Elemental Lord Assassination | Seirei Tsukai no Blade Dance - Volume 12 - Releasing the Sealed Sword | Seirei Tsukai no Blade Dance - Volume 13 - Queen of Ice Blossoms | Seirei Tsukai no Blade Dance - Volume 14 - Upheaval in the Imperial Capital | Seirei Tsukai no Blade Dance - Volume 15 - The Dragon King of Dracunia | Seirei Tsukai no Blade Dance - Volume 16 - The Demon King Returns in Triumph | Seirei Tsukai no Blade Dance - Volume 17 - The Queen of the Demon King City | Seirei Tsukai no Blade Dance - Volume 18 - Retaking the Imperial Capital | Seirei Tsukai no Blade Dance - Volume 19 - Disappearance of the Holy Capital | Seirei Tsukai no Blade Dance vol 20"
Sevens,sevens,10,high,False,prefix_volume_marker,884 | 883 | 878 | 877 | 875 | 882 | 881 | 873 | 876 | 874,Sevens - Volume 01 (LN) | Sevens - Volume 02 (LN) | Sevens - Volume 05 | Sevens - Volume 06 (LN) | Sevens - Volume 09 | Sevens - Volume 3 (LN) | Sevens - Volume 4 | Sevens - Volume 7 | Sevens - Volume 8 (LN) | Sevens vol 10
She Professed Herself Pupil of the Wise Man,she professed herself pupil of the wise man,3,high,False,prefix_volume_marker,233 | 232 | 231,She Professed Herself Pupil of the Wise Man Vol. 1 | She Professed Herself Pupil of the Wise Man Vol. 2 | She Professed Herself Pupil of the Wise Man Vol. 3
Skeleton Knight,skeleton knight,5,high,False,prefix_volume_marker,942 | 947 | 946 | 944 | 943,Skeleton Knight - Volume 07 - United Front | Skeleton Knight - Volume 2: Blade Knight Clan | Skeleton Knight - Volume 3: Humans and Elves | Skeleton Knight Volume 05 | Silver Lining Translations | Skeleton Knight Volume 06 | Silver Lining Translations
"So I'm a Spider, So What?",so i m a spider so what,4,high,False,prefix_volume_marker,812 | 239 | 655 | 238,"So I’m a Spider, So What?, Vol. 11 | So I’m a Spider, So What?, Vol. 12 | So I’m a Spider, So What?, Vol. 12 | So I’m a Spider, So What?, Vol. 13"
Soup Forest The Story of the Woman Who Speaks with Animals and the Former Mercenary,soup forest the story of the woman who speaks with animals and the former mercenary,2,high,False,prefix_volume_marker,20 | 21,Soup Forest_ The Story of the Woman Who Speaks with Animals and the Former Mercenary Vol.1 | Soup Forest_ The Story of the Woman Who Speaks with Animals and the Former Mercenary Vol.2
Sword Art Online Progressive,sword art online progressive,6,medium,True,repeated_structured_prefix,975 | 974 | 973 | 972 | 971 | 970,Sword Art Online Progressive 1 | Sword Art Online Progressive 2 | Sword Art Online Progressive 3 | Sword Art Online Progressive 4 | Sword Art Online Progressive 5 | Sword Art Online Progressive 6 (light novel)
Tales of Leo Attiel,tales of leo attiel,4,high,False,prefix_volume_marker,473 | 430 | 426 | 405,Tales of Leo Attiel - Volume 1 | Tales of Leo Attiel - Volume 2 | Tales of Leo Attiel - Volume 3 | Tales of Leo Attiel - Volume 4
Tatakau Shisho,tatakau shisho,10,high,False,prefix_volume_marker,417 | 425 | 407 | 481 | 431 | 441 | 415 | 451 | 465 | 419,Tatakau Shisho - Volume 08 | Tatakau Shisho - Volume 09 | Tatakau Shisho - Volume 10 | Tatakau Shisho vol.1 | TATAKAU SHISHO vol.2 | Tatakau Shisho vol.3 | Tatakau Shisho vol.4 | Tatakau Shisho vol.5 | Tatakau Shisho vol.6 | Tatakau Shisho vol.7
Tearmoon Empire,tearmoon empire,11,high,False,prefix_volume_marker,203 | 749 | 202 | 748 | 201 | 747 | 200 | 746 | 199 | 198 | 197,Tearmoon Empire: Volume 1 | Tearmoon Empire: Volume 1 | Tearmoon Empire: Volume 2 | Tearmoon Empire: Volume 2 | Tearmoon Empire: Volume 3 | Tearmoon Empire: Volume 3 | Tearmoon Empire: Volume 4 | Tearmoon Empire: Volume 4 | Tearmoon Empire: Volume 5 | Tearmoon Empire: Volume 6 | Tearmoon Empire: Volume 7
Tears of Blood,tears of blood,2,high,True,parenthetical_series_book | prefix_book_marker,1228 | 1275,"His Final Secret (Tears of Blood Book 4) | Tears of Blood, Books 1-3"
Tenkyou no Alderamin,tenkyou no alderamin,3,high,False,prefix_volume_marker,865 | 866 | 864,Tenkyou no Alderamin vol.02 | Tenkyou no Alderamin vol.1 | Tenkyou no Alderamin vol.3
That Time I Got Reincarnated as a Slime,that time i got reincarnated as a slime,13,high,False,prefix_volume_marker,1005 | 979 | 190 | 1004 | 1003 | 1002 | 1001 | 997 | 998 | 999 | 1000 | 703 | 704,"That Time I Got Reincarnated as a Slime, Vol. 1 (Light Novel) | That Time I Got Reincarnated as a Slime, Vol. 10 | That Time I Got Reincarnated as a Slime, Vol. 13 | That Time I Got Reincarnated as a Slime, Vol. 2 (Light Novel) | That Time I Got Reincarnated as a Slime, Vol. 3 (Light Novel) | That Time I Got Reincarnated as a Slime, Vol. 4 (Light Novel) | That Time I Got Reincarnated as a Slime, Vol. 5 (Light Novel) | That Time I Got Reincarnated as a Slime, Vol. 6 (Light Novel) | That Time I Got Reincarnated as a Slime, Vol. 7 (Light Novel) | That Time I Got Reincarnated as a Slime, Vol. 8 (Light Novel) | That Time I Got Reincarnated as a Slime, Vol. 9 (Light Novel) | That Time I Got Reincarnated as a Slime, Volume 11 - Colored Edition | That Time I Got Reincarnated as a Slime, Volume 12 - Colored Edition"
The Alchemist Who Survived Now Dreams of a Quiet City Life,the alchemist who survived now dreams of a quiet city life,6,high,False,prefix_volume_marker,992 | 716 | 715 | 984 | 983 | 714,"The Alchemist Who Survived Now Dreams of a Quiet City Life, Vol. 1 (light novel) (The Alchemist Who Survived Now Dreams of a Quiet City Life (light novel)) | The Alchemist Who Survived Now Dreams of a Quiet City Life, Vol. 2 | The Alchemist Who Survived Now Dreams of a Quiet City Life, Vol. 3 (light novel) (The Alchemist Who Survived Now Dreams of a Quiet City Life (light novel)) | The Alchemist Who Survived Now Dreams of a Quiet City Life, Vol. 4 | The Alchemist Who Survived Now Dreams of a Quiet City Life, Vol. 5 | The Alchemist Who Survived Now Dreams of a Quiet City Life, Vol. 6"
The Angel Next Door Spoils Me Rotten,the angel next door spoils me rotten,3,high,False,prefix_volume_marker,270 | 271 | 273,"The Angel Next Door Spoils Me Rotten, Vol. 1 | The Angel Next Door Spoils Me Rotten, Vol. 2 | The Angel Next Door Spoils Me Rotten, Vol. 3"
The Apothecary Diaries,the apothecary diaries,4,high,False,prefix_volume_marker,379 | 377 | 378 | 247,The Apothecary Diaries: Volume 1 | The Apothecary Diaries: Volume 2 | The Apothecary Diaries: Volume 3 | The Apothecary Diaries: Volume 4
The Asterisk War,the asterisk war,15,high,False,prefix_volume_marker,929 | 927 | 926 | 925 | 924 | 923 | 922 | 750 | 935 | 934 | 933 | 932 | 931 | 930 | 928,"The Asterisk War - Vol. 8 | The Asterisk War, Vol. 10 | The Asterisk War, Vol. 11 | The Asterisk War, Vol. 12 | The Asterisk War, Vol. 13 | The Asterisk War, Vol. 14: Struggle for Supremacy | The Asterisk War, Vol. 15 | The Asterisk War, Vol. 1: Encounter with a Fiery Princess | The Asterisk War, Vol. 2: Awakening of Silver Beauty | The Asterisk War, Vol. 3: The Phoenix War Dance | The Asterisk War, Vol. 4: Quest for Days Lost | The Asterisk War, Vol. 5: Battle for the Crown | The Asterisk War, Vol. 6: The Triumphal Homecoming Battle | The Asterisk War, Vol. 7 | The Asterisk War, Vol. 9"
The Beginning After the End,the beginning after the end,3,high,False,prefix_book_marker,384 | 162 | 79,The Beginning After the End: Book 7: Divergence | The Beginning After the End: Book 9: Reckoning | The Beginning After the End_ Book 10_ Retribution
The Conqueror from a Dying Kingdom,the conqueror from a dying kingdom,2,high,False,prefix_volume_marker,64 | 66,The Conqueror from a Dying Kingdom_ Volume 1 | The Conqueror from a Dying Kingdom_ Volume 2
The Death Mage Who Doesn't Want a Fourth Time,the death mage who doesn t want a fourth time,8,medium,True,repeated_structured_prefix,287 | 293 | 286 | 290 | 292 | 291 | 288 | 289,The Death Mage Who Doesn't Want a Fourth Time 01 | The Death Mage Who Doesn't Want a Fourth Time 02 | The Death Mage Who Doesn't Want a Fourth Time 03 | The Death Mage Who Doesn't Want a Fourth Time 04 | The Death Mage Who Doesn't Want a Fourth Time 05 | The Death Mage Who Doesn't Want a Fourth Time 06 | The Death Mage Who Doesn't Want a Fourth Time 07 | The Death Mage Who Doesn't Want a Fourth Time 08
The Demon Sword Master of Excalibur Academy,the demon sword master of excalibur academy,3,high,False,prefix_volume_marker,756 | 755 | 683,"The Demon Sword Master of Excalibur Academy, Vol. 1 | The Demon Sword Master of Excalibur Academy, Vol. 2 | The Demon Sword Master of Excalibur Academy, Vol. 3"
The Elder Empire - Sea,the elder empire sea,3,high,False,parenthetical_series_book,1022 | 1021 | 1023,Of Dawn and Darkness (The Elder Empire - Sea Book 2) | Of Kings and Killers (The Elder Empire - Sea Book 3) | Of Sea and Shadow (The Elder Empire - Sea Book 1)
The Elder Empire - Shadow,the elder empire shadow,3,high,False,parenthetical_series_book,1025 | 1024 | 1026,Of Darkness and Dawn (The Elder Empire - Shadow Book 2) | Of Killers and Kings (The Elder Empire - Shadow Book 3) | Of Shadow and Sea (The Elder Empire - Shadow Book 1)
The Eminence in Shadow,the eminence in shadow,3,high,False,prefix_volume_marker,713 | 712 | 711,"The Eminence in Shadow, Vol. 1 | The Eminence in Shadow, Vol. 2 | The Eminence in Shadow, Vol. 3"
The Empty Box and Zeroth Maria,the empty box and zeroth maria,7,high,False,prefix_volume_marker,969 | 968 | 966 | 967 | 965 | 964 | 963,"The Empty Box and Zeroth Maria, Vol. 1 | The Empty Box and Zeroth Maria, Vol. 2 | The Empty Box and Zeroth Maria, Vol. 3 | The Empty Box and Zeroth Maria, Vol. 4 | The Empty Box and Zeroth Maria, Vol. 5 (light novel) | The Empty Box and Zeroth Maria, Vol. 6 | The Empty Box and Zeroth Maria, Vol. 7"
"The Genius Prince's Guide to Raising a Nation Out of Debt (Hey, How About Treason?) Vol.",the genius prince s guide to raising a nation out of debt hey how about treason vol,6,medium,True,repeated_structured_prefix,911 | 910 | 909 | 908 | 872 | 710,"The Genius Prince’s Guide to Raising a Nation Out of Debt (Hey, How About Treason?) Vol. 1 | The Genius Prince’s Guide to Raising a Nation Out of Debt (Hey, How About Treason?), Vol. 2 | The Genius Prince’s Guide to Raising a Nation Out of Debt (Hey, How About Treason?), Vol. 3 | The Genius Prince’s Guide to Raising a Nation Out of Debt (Hey, How About Treason?), Vol. 4 | The Genius Prince’s Guide to Raising a Nation Out of Debt (Hey, How About Treason?), Vol. 5 | The Genius Prince’s Guide to Raising a Nation Out of Debt (Hey, How About Treason?), Vol. 6"
The Great Cleric,the great cleric,9,high,False,prefix_volume_marker,858 | 702 | 664 | 617 | 294 | 236 | 184 | 169 | 151,The Great Cleric: Volume 1 | The Great Cleric: Volume 2 | The Great Cleric: Volume 3 | The Great Cleric: Volume 4 | The Great Cleric: Volume 5 | The Great Cleric: Volume 6 | The Great Cleric: Volume 7 | The Great Cleric: Volume 8 | The Great Cleric: Volume 9
The Greatest Magicmaster's Retirement Plan,the greatest magicmaster s retirement plan,9,high,False,prefix_volume_marker,89 | 78 | 626 | 222 | 857 | 319 | 168 | 142 | 686,The Greatest Magicmaster's Retirement Plan Volume-15 Premium | The Greatest Magicmaster's Retirement Plan Volume-16 Premium | The Greatest Magicmaster's Retirement Plan: Volume 10 | The Greatest Magicmaster's Retirement Plan: Volume 12 | The Greatest Magicmaster's Retirement Plan: Volume 8 | The Greatest Magicmaster’s Retirement Plan: Volume 11 | The Greatest Magicmaster’s Retirement Plan: Volume 13 | The Greatest Magicmaster’s Retirement Plan: Volume 14 | The Greatest Magicmaster’s Retirement Plan: Volume 9
The Haunted,the haunted,4,high,False,prefix_book_marker,194 | 624 | 193 | 192,The Haunted Bookstore - Gateway to a Parallel Universe Vol. 1 - The Spirit Daughter and the Exorcist Son | The Haunted Bookstore - Gateway to a Parallel Universe Vol. 1 - The Spirit Daughter and the Exorcist Son | The Haunted Bookstore - Gateway to a Parallel Universe Vol. 2 | The Haunted Bookstore – Gateway to a Parallel Universe Vol. 3
The Insipid Prince's Furtive Grab for The Throne,the insipid prince s furtive grab for the throne,6,high,False,prefix_volume_marker,181 | 180 | 179 | 178 | 177 | 176,The Insipid Prince's Furtive Grab for The Throne Vol.1 Part 1 | The Insipid Prince's Furtive Grab for The Throne Vol.1 Part 2 | The Insipid Prince's Furtive Grab for The Throne Vol.1 Part 3 | The Insipid Prince's Furtive Grab for The Throne Vol.2 Part 1 | The Insipid Prince's Furtive Grab for The Throne Vol.2 Part 2 | The Insipid Prince's Furtive Grab for The Throne Vol.2 Part 3
The Isolator,the isolator,4,high,False,prefix_volume_marker,962 | 961 | 960 | 959,"The Isolator, Vol. 1: The Biter | The Isolator, Vol. 2: The Igniter | The Isolator, Vol. 3: The Trancer | The Isolator, Vol. 4: The Stinger"
The Kingkiller Chronicle,the kingkiller chronicle,2,high,False,prefix_book_marker,87 | 86,"The Kingkiller Chronicle, Book 1 - The Name of the Wind (Patrick Rothfuss) (Z-Library) | The Kingkiller Chronicle, Book 2 - The Wise Mans Fear (Patrick Rothfuss) (Z-Library)"
The Magician Who Rose From Failure,the magician who rose from failure,6,high,False,prefix_volume_marker,109 | 63 | 333 | 332 | 331 | 242,The Magician Who Rose From Failure Volume 5 Premium | The Magician Who Rose From Failure Volume 6 Premium | The Magician Who Rose From Failure: Volume 1 | The Magician Who Rose From Failure: Volume 2 | The Magician Who Rose From Failure: Volume 3 | The Magician Who Rose From Failure: Volume 4
The Master of Ragnarok & Blesser of Einherjar,the master of ragnarok blesser of einherjar,15,high,False,prefix_volume_marker,732 | 723 | 722 | 721 | 720 | 719 | 718 | 731 | 730 | 729 | 728 | 727 | 726 | 725 | 724,The Master of Ragnarok & Blesser of Einherjar: Volume 1 | The Master of Ragnarok & Blesser of Einherjar: Volume 10 | The Master of Ragnarok & Blesser of Einherjar: Volume 11 | The Master of Ragnarok & Blesser of Einherjar: Volume 12 | The Master of Ragnarok & Blesser of Einherjar: Volume 13 | The Master of Ragnarok & Blesser of Einherjar: Volume 14 | The Master of Ragnarok & Blesser of Einherjar: Volume 15 | The Master of Ragnarok & Blesser of Einherjar: Volume 2 | The Master of Ragnarok & Blesser of Einherjar: Volume 3 | The Master of Ragnarok & Blesser of Einherjar: Volume 4 | The Master of Ragnarok & Blesser of Einherjar: Volume 5 | The Master of Ragnarok & Blesser of Einherjar: Volume 6 | The Master of Ragnarok & Blesser of Einherjar: Volume 7 | The Master of Ragnarok & Blesser of Einherjar: Volume 8 | The Master of Ragnarok & Blesser of Einherjar: Volume 9
"The Otherworlder, Exploring the Dungeon",the otherworlder exploring the dungeon,3,high,False,prefix_volume_marker,119 | 278 | 189,"The Otherworlder, Exploring the Dungeon vol 3 | The Otherworlder, Exploring the Dungeon, Vol. 1 | The Otherworlder, Exploring the Dungeon, Vol. 2"
The Reunion With Twelve Fascinating Goddesses,the reunion with twelve fascinating goddesses,2,high,False,prefix_volume_marker,296 | 295,The Reunion With Twelve Fascinating Goddesses vol.1 | The Reunion With Twelve Fascinating Goddesses vol.2
The Rising of the Shield Hero,the rising of the shield hero,17,high,False,prefix_volume_marker,1076 | 1063 | 1072 | 1066 | 1075 | 1061 | 1067 | 1077 | 1065 | 1071 | 1073 | 1068 | 1069 | 1062 | 1074 | 1064 | 1070,The Rising of the Shield Hero Volume 01 | The Rising of the Shield Hero Volume 02 | The Rising of the Shield Hero Volume 03 | The Rising of the Shield Hero Volume 04 | The Rising of the Shield Hero Volume 05 | The Rising of the Shield Hero Volume 06 | The Rising of the Shield Hero Volume 07 | The Rising of the Shield Hero Volume 08 | The Rising of the Shield Hero Volume 09 | The Rising of the Shield Hero Volume 10: Light Novel | The Rising of the Shield Hero Volume 11 | The Rising of the Shield Hero Volume 12 | The Rising of the Shield Hero Volume 13 | The Rising of the Shield Hero Volume 14 | The Rising of the Shield Hero Volume 15 | The Rising of the Shield Hero Volume 16 | The Rising of the Shield Hero Volume 17 (The Rising of the Shield Hero Series: Light Novel)
The Saint's Magic Power is Omnipotent,the saint s magic power is omnipotent,6,high,False,prefix_volume_marker,744 | 821 | 743 | 820 | 742 | 819,The Saint’s Magic Power is Omnipotent Vol. 1 | The Saint’s Magic Power is Omnipotent Vol. 1 | The Saint’s Magic Power is Omnipotent Vol. 2 | The Saint’s Magic Power is Omnipotent Vol. 2 | The Saint’s Magic Power is Omnipotent Vol. 3 | The Saint’s Magic Power is Omnipotent Vol. 3
The Story of One Continent - Allison and Wil and Lillia and Treize and Meg and Seron and Everyone Else,the story of one continent allison and wil and lillia and treize and meg and seron and everyone else,2,medium,True,prefix_part_marker,512 | 532,The Story of One Continent - Allison and Wil and Lillia and Treize and Meg and Seron and Everyone Else (Part 1) | The Story of One Continent - Allison and Wil and Lillia and Treize and Meg and Seron and Everyone Else (Part 2)
The Strange Adventure of a Broke Mercenary,the strange adventure of a broke mercenary,3,high,False,prefix_volume_marker,380 | 381 | 282,The Strange Adventure of a Broke Mercenary Vol. 1 | The Strange Adventure of a Broke Mercenary Vol. 2 | The Strange Adventure of a Broke Mercenary Vol. 3
The Traveler's Gate Trilogy,the traveler s gate trilogy,3,high,False,parenthetical_series_book,1018 | 1020 | 1019,City of Light (The Traveler's Gate Trilogy Book 3) | House of Blades (The Traveler's Gate Trilogy Book 1) | The Crimson Vault (The Traveler's Gate Trilogy Book 2)
The Unwanted Undead Adventurer,the unwanted undead adventurer,9,high,False,prefix_volume_marker,670 | 672 | 671 | 669 | 668 | 667 | 666 | 665 | 276,"The Unwanted Undead Adventurer, Vol. 01 | The Unwanted Undead Adventurer: Volume 2 | The Unwanted Undead Adventurer: Volume 3 | The Unwanted Undead Adventurer: Volume 4 | The Unwanted Undead Adventurer: Volume 5 | The Unwanted Undead Adventurer: Volume 6 | The Unwanted Undead Adventurer: Volume 7 | The Unwanted Undead Adventurer: Volume 8 | The Unwanted Undead Adventurer: Volume 9"
The Weakness of Beatrice the Level Cap Holy Swordswoman,the weakness of beatrice the level cap holy swordswoman,7,high,False,prefix_volume_marker,497 | 467 | 466 | 455 | 502 | 489 | 454,The Weakness of Beatrice the Level Cap Holy Swordswoman - Volume 7 | The Weakness of Beatrice the Level Cap Holy Swordswoman vol.1 | The Weakness of Beatrice the Level Cap Holy Swordswoman vol.2 | The Weakness of Beatrice the Level Cap Holy Swordswoman vol.3 | The Weakness of Beatrice the Level Cap Holy Swordswoman vol.4 | The Weakness of Beatrice the Level Cap Holy Swordswoman vol.5 | The Weakness of Beatrice the Level Cap Holy Swordswoman vol.6
The World's Finest Assassin Gets Reincarnated in Another World as an Aristocrat,the world s finest assassin gets reincarnated in another world as an aristocrat,3,high,False,prefix_volume_marker,326 | 325 | 324,"The World's Finest Assassin Gets Reincarnated in Another World as an Aristocrat, Vol. 1 (light novel) (The World's Finest Assassin Gets Reincarnated in Another World as an Aristocrat (light novel)) | The World’s Finest Assassin Gets Reincarnated in Another World as an Aristocrat, Vol. 2 | The World’s Finest Assassin Gets Reincarnated in Another World as an Aristocrat, Vol. 3"
The World's Strongest Rearguard: Labyrinth Country's Novice Seeker,the world s strongest rearguard labyrinth country s novice seeker,5,high,False,prefix_volume_marker,994 | 995 | 811 | 205 | 144,"The World's Strongest Rearguard: Labyrinth Country's Novice Seeker, Vol. 3 (Light Novel) | The World's Strongest Rearguard: Labyrinth Country's Novice Seeker, Vol. 4 (Light Novel) | The World’s Strongest Rearguard: Labyrinth Country’s Novice Seeker, Vol. 5 | The World’s Strongest Rearguard: Labyrinth Country’s Novice Seeker, Vol. 6 | The World’s Strongest Rearguard: Labyrinth Country’s Novice Seeker, Vol. 7"
Torture Princess: Fremd Torturchen,torture princess fremd torturchen,2,high,False,prefix_volume_marker,717 | 709,"Torture Princess: Fremd Torturchen, Vol. 6 | Torture Princess: Fremd Torturchen, Vol. 7"
Ultimate Antihero,ultimate antihero,4,high,False,prefix_volume_marker,526 | 531 | 510 | 513,Ultimate Antihero: Volume 1 | Ultimate Antihero:Volume 2 | Ultimate Antihero:Volume 3 | Ultimate Antihero:Volume 4
Unnamed Memory,unnamed memory,2,high,False,prefix_volume_marker,810 | 809,"Unnamed Memory, Vol. 1: The Witch of the Azure Moon and the Cursed Prince | Unnamed Memory, Vol. 2: The Queen Without a Throne"
Walking My Second Path in Life,walking my second path in life,3,high,False,prefix_volume_marker,115 | 118 | 112,Walking My Second Path in Life vol 1 Premium | Walking My Second Path in Life vol 2 Premium | Walking My Second Path in Life vol 3 Premium
Yuusha,yuusha,3,high,False,prefix_part_marker,871 | 870 | 869,"Yuusha Party ni Kawaii Ko ga Ita node, Kokuhaku Shitemita: Vol. 01 | Yuusha Party ni Kawaii Ko ga Ita node, Kokuhaku Shitemita: Vol. 02 | Yuusha Party no Kawaii Ko ga Ita no de, Kokuhaku Shite - Volume 3"
Zero no Tsukaima,zero no tsukaima,22,high,False,prefix_volume_marker,496 | 459 | 457 | 414 | 483 | 508 | 530 | 529 | 525 | 524 | 469 | 461 | 434 | 488 | 439 | 435 | 468 | 495 | 490 | 503 | 486 | 521,Zero no Tsukaima - Volume 22 | Zero no Tsukaima vol.01 | Zero no Tsukaima vol.02 | Zero no Tsukaima vol.03 | Zero no Tsukaima vol.04 | Zero no Tsukaima vol.05 | Zero no Tsukaima vol.06 | Zero no Tsukaima vol.07 | Zero no Tsukaima vol.08 | Zero no Tsukaima vol.09 | Zero no Tsukaima vol.10 | Zero no Tsukaima vol.11 | Zero no Tsukaima vol.12 | Zero no Tsukaima vol.13 | Zero no Tsukaima vol.14 | Zero no Tsukaima vol.15 | Zero no Tsukaima vol.16 | Zero no Tsukaima vol.17 | Zero no Tsukaima vol.18 | Zero no Tsukaima vol.19 | Zero no Tsukaima vol.20 | Zero no Tsukaima vol.21
